/*
SQLyog Ultimate v11.27 (32 bit)
MySQL - 5.5.56-log : Database - youtube
*********************************************************************
*/

/*!40101 SET NAMES utf8 */;

/*!40101 SET SQL_MODE=''*/;

/*!40014 SET @OLD_UNIQUE_CHECKS=@@UNIQUE_CHECKS, UNIQUE_CHECKS=0 */;
/*!40014 SET @OLD_FOREIGN_KEY_CHECKS=@@FOREIGN_KEY_CHECKS, FOREIGN_KEY_CHECKS=0 */;
/*!40101 SET @OLD_SQL_MODE=@@SQL_MODE, SQL_MODE='NO_AUTO_VALUE_ON_ZERO' */;
/*!40111 SET @OLD_SQL_NOTES=@@SQL_NOTES, SQL_NOTES=0 */;
CREATE DATABASE /*!32312 IF NOT EXISTS*/`youtube` /*!40100 DEFAULT CHARACTER SET utf8mb4 */;

USE `youtube`;

/*Table structure for table `publish_video_week` */

DROP TABLE IF EXISTS `publish_video_week`;

CREATE TABLE `publish_video_week` (
  `weekday` int(11) DEFAULT NULL,
  `video_amount` int(11) DEFAULT NULL
) ENGINE=InnoDB DEFAULT CHARSET=utf8mb4;

/*Data for the table `publish_video_week` */

insert  into `publish_video_week`(`weekday`,`video_amount`) values (2,6718),(3,6703),(4,6892),(5,6940),(6,3543),(0,3637),(1,6112);

/*Table structure for table `us_tag_1` */

DROP TABLE IF EXISTS `us_tag_1`;

CREATE TABLE `us_tag_1` (
  `tags` varchar(30) DEFAULT NULL,
  `tags_amount` int(11) DEFAULT NULL
) ENGINE=InnoDB DEFAULT CHARSET=utf8;

/*Data for the table `us_tag_1` */

insert  into `us_tag_1`(`tags`,`tags_amount`) values ('morrison',3),('mosaic',10),('mother',50),('mother!',5),('motherbox',1),('motion',75),('motor',11),('moulin',17),('mountain',12),('mousse',11),('movie',1585),('movieclips',62),('movieclipstrailers',8),('movies',320),('moving',19),('mr',6),('mr.',31),('mrs',9),('mrs.',11),('mudge',7),('multi-racial',4),('multiplane',2),('mum',11),('murder',8),('murders',13),('murray',7),('murry',9),('music',43),('musical',168),('musicals',5),('my',29),('mystery',43),('myth',13),('n',4),('name',11),('natasha',2),('nature',5),('navy',8),('nebulous',2),('neillblomkamp',13),('neisat',4),('neistat',35),('nerd',24),('netflix',41),('network',2),('never',18),('neverland',36),('new',371),('news',88),('niagra',14),('nick',17),('nickelodeon',10),('nicole',10),('nightcrawler',12),('nightmare',10),('nitrov2',6),('nixolas',8),('no',61),('nolan',89),('nomad',11),('nomination',5),('nominations',22),('nominnations',7),('noms',5),('norton',6),('nostalgia',4),('not',2),('note',11),('notorious',11),('notting',2),('novel',19),('now',8),('npr',5),('nyc',30),('nylon',7),('o',5),('ocean',8),('oceans',9),('octavia',4),('oddparents',22),('of',282),('off',16),('office',11),('official',211),('oh',2),('oil',11),('olaf\'s',24),('old',15),('oliver',7),('omeleto',35),('on',27),('one',27),('online',37),('oompa',34),('opening',10),('oprah',9),('order',6),('orders',11),('original',94),('originals',13),('orion',3),('oscar',92),('oscars',76),('osman',8),('oswalt',6),('oum',7),('out',146),('outdoors',5),('oven',8),('owen',3),('owl',15),('own',9),('pacific',63),('paddy',4),('pain',15),('pam',7),('pan',98),('panasonic',5),('panther',177),('papers',26),('parham',6),('park',24),('parker',1),('parody',20),('parr',29),('parties',30),('parts',7),('pascal',16),('pasek',17),('passport',13),('path',4),('patriots',9),('patton',6),('paul',23),('payoff',9),('peace',18),('peaceful',1),('peachy',19),('pedro',16),('peek',51),('peeks',7),('peele',14),('pen',11),('penn',3),('pennywise',14),('people',26),('perfect',7),('period',5),('perry',27),('persecution',11),('persona',15),('personal',29),('perspective',6),('perv',7),('pet',13),('pete',24),('peter',128),('pets',18),('petticoat',5),('pftrack',4),('phantom',23),('pharaoh',3),('phases',2),('phineas',72),('phone',14),('photo',25),('photography',5),('pi',6),('picture',38),('pictures',27),('pie',11),('piglet',15),('pine',38),('pirates',9),('pixar',23),('pixel',14),('pjthekick',1),('plan',13),('planet',5),('platypus',18),('player',8),('playlist',6),('playstation',15),('please',32),('plot',14),('plothole',3),('plus',53),('poem',11),('poetry',11),('point',4),('pooh',15),('pool',112),('pop',3),('pope',13),('positivity',4),('post',7),('poverty',7),('prank',6),('pratt',8),('prediction',7),('premiere',28),('prep',7),('president',6),('preview',13),('price',2),('prime',46),('prince',2),('prisoners',12),('prize',13),('problem',13),('problems',13),('process',1),('produced',13),('production',61),('productivity',3),('professional',19),('project',4),('promise',4),('prosthetics',4),('psychological',16),('psychotherapist',10),('puberty',9),('pubg',3),('pump',11),('pumpkin',6),('puppet',6),('puppetry',6),('puppy',10),('puppycat',2),('puzzle',13),('queen',134),('quest',6),('question',12),('quiet',18),('quinn',1),('rabbit',15),('ragnarok',79),('raise',7),('rakka',13),('ralph',51),('ranch',11),('range',6),('rank',15),('ranked',15),('ranking',15),('rant',4),('rapideyemovie',3),('rare',8),('raspberry',6),('ratatouille',1),('raven',7),('rbg',22),('reaction',75),('reading',12),('ready',13),('real',46),('reardon',48),('reasons',56),('rebecca',6),('rebel',24),('rebels',7),('reboot',11),('recap',6),('recipe',8),('recipes',16),('record',3),('recreation',5),('red',50),('redband',20),('reddit',7),('rediscover',4),('reenactment',5),('reese',9),('references',3),('reid',9),('relationship',4),('relationships',15),('release',15),('releases',7),('remake',7),('remember',6),('remnant',7),('ren',41),('renew',4),('renner',7),('reporter',20),('requiem',5),('rescue',14),('research',4),('resolutions',12),('restaurant',4),('return',20),('returns',13),('reveal',21),('review',370),('rex',8),('rey',31),('reylo',9),('reynolds',8),('rhapsody',84),('rice',3),('riddler',7),('ride',5),('riding',5),('rim',63),('rings',2),('ringtone',13),('rinko',7),('rip',15),('rises',15),('rjfs',4),('roald',17),('robbie',1),('robbins',4),('robin',55),('robinhood',22),('robot',88),('rock',28),('rock!',13),('rocketjump',8),('rocks',11),('rogue',19),('romance',64),('romantic',7),('ronan',1),('roo',15),('room',28),('roommates',7),('rosa',7),('rose',12),('rotoscoping',2),('rouge',17),('royal',8),('ruffallo',6),('ruin',12),('ruined',12),('rules',11),('runner',37),('running',8),('rush',4),('ruth',11),('rx0',10),('ryan',24),('s',12),('s2',5),('s5',3),('s8',27),('s8+',7),('s9',221),('s9+',91),('saber',6),('sad',4),('sailor',10),('sally',4),('samsung',119),('samuel',11),('samurai',3),('sandevices',6),('sandwhich',10),('sandwich',30),('sant',7),('santa',14),('sao',35),('saoirse',1),('sara',34),('sarah',39),('saturday',17),('sauce',4),('savante',3),('savings',13),('scale',8),('scam',17),('scams',7),('scandal',6),('scary',8),('scavenger',4),('scene',32),('scenes',12),('school',166),('schoolshooting',5),('schumer',7),('sci',9),('science',36),('scientist',8),('scootering',13),('scorch',10),('scott',7),('scratch',5),('screen',185),('screenjunkies',210),('screenwriting',6),('scythe',7),('searchlight',4),('season',142),('see',5),('segel',4),('seinfeld',20),('selects',14),('selena',56),('self',5),('selfie',27),('sellers',2),('sequel',117),('series',102),('serious',29),('serkis',5),('server',4),('sex',7),('sexual',6),('shadow',30),('shadows',5),('shame',12),('shantell',4),('shape',20),('shaped',11),('shark',13),('sheriff',11),('shgurr',11),('shooting',3),('shopping',13),('shore',8),('short',101),('shorts',7),('shot',13),('shots',3),('show',36),('showman',63),('shrink',2),('shrinking',10),('shuri',7),('side',12),('silver',28),('silverman',15),('simon',36),('simon\'s',36),('simons',36),('simonscat',18),('simulation',8),('sinclair',11),('sing',2),('singing',14),('sins',97),('sister',115),('sith',6),('sj',1),('skateboard',10),('skatepark',13),('sketch',42),('skillshare',5),('skit',29),('skull',3),('skywalker',28),('slavery',8),('sleep',19),('sleep?',4),('slingshot',3),('sloths',4),('slow',5),('small',8),('smartphone',14),('smith',12),('sneak',58),('snoke',27),('snokes',18),('snubs',15),('social',28),('society',3),('soderbergh',6),('soldier',11),('solo',29),('son',13),('song',64),('songs',45),('sony',25),('soon',18),('souls',7),('soundtrack',9),('spaeny',7),('speak',12),('special',62),('specials',4),('sped',13),('speech',1),('spencer',4),('spend',6),('spider',6),('spider-man',11),('spiderman',24),('spiderverse',4),('spielberg',13),('spin',7),('spinoff',1),('spoiler',7),('spoilers',18),('spoof',13),('sports',73),('spot',4),('sprave',3),('spring',11),('spy',45),('squad',2),('square',7),('stage',1),('stalking',7),('stand',13),('star',374),('stars',20),('start-up',3),('state',3),('stay',3),('stays',5),('steel',8),('stelio',3),('stephen',35),('steven',28),('stewart',7),('stick',29),('stolen',19),('stop',72),('stop-motion',5),('store',4),('storm',9),('story',76),('storytelling',33),('storyville',11),('stranger',7),('streaming',46),('streep',7),('street',110),('strikes',6),('stuart',2),('stuck',14),('student',6),('studio',1),('studios',24),('stuff',21),('stuffed',18),('stunt',4),('stuntmen',2),('style',16),('subscribers',4),('subtitles',6),('sufficiently',8),('sufficientlyadvanced',8),('suffragette',12),('sugar',29),('suicide',2),('suki',4),('summer',11),('summit',22),('summoning',2),('sundance',51),('sunshine',12),('super',17),('superbowl',18),('supercut',1),('superhero',37),('superman',25),('support',7),('supreme',11),('suspense',4),('sweet',18),('swoozie',28),('sword',5),('t',8),('tag',7),('tags',21),('taika',14),('tali',8),('talk',53),('tank',3),('tanner',52),('tchalla',14),('teacher',18),('teague',3),('team',30),('tease',13),('teaser',159),('tech',26),('technology',10),('teen',19),('teenage',4),('teenager',20),('teeny',8),('telemarketer',12),('television',53),('tell',12),('temple',3),('ten',13),('terrestrial',5),('terrifying',4),('tesser',9),('test',15),('texas',53),('text',3),('than',7),('thank',29),('thanksgiving',49),('thanos',63),('that',53),('the',1000),('theater',6),('theaters',10),('theatre',6),('their',18),('them',12),('theme',23),('theories',18),('theorist',21),('theorists',86),('theorry',14),('theory',442),('therapy',54),('there',19),('they',12),('thief',22),('things',17),('think',7),('this',7),('thomas',3),('thor',114),('thor:',7),('thread',7),('threw',22),('thriller',69),('thrones',21),('through',4),('thunderbolt',3),('ticket',51),('tickets',17),('tie',5),('tiffany',15),('tigger',15),('tim',23),('time',20),('timelapse',18),('timeline',2),('times',12),('timothée',4),('tinkerbell',18),('tiny',8),('tips',7),('tired',14),('titans',7),('to',409),('tofield',18),('tokyo',4),('tom',34),('tommy',14),('toni',6),('tonight',7),('too',14),('tools',2),('toothbrush',22),('top',43),('toro',4),('torture',15),('toss',4),('tour',4),('tournament',13),('traditional',18),('traffic',3),('trailer',1240),('trailers',485),('trails',5),('train',8),('trampolines',13),('trans',11),('trap',17),('trashed',2),('travel',5),('tree',7),('trex',8),('trials',5),('trick',3),('tried',14),('trilogy',19),('trio',4),('trolls',6),('try',5),('tryangle',6),('tryanglefilms',6),('tuff',10),('turbo',6),('turkey',20),('turn',5),('turning',15),('tutorial',27),('tutorials',4),('tv',25),('tweet',7),('tweeting',7),('twentieth',5),('twin',30),('twins',5),('twist',4),('twitter',7),('tyler',7),('typography',3),('u7KZrt_cHH0',7),('uav',4),('uber',66),('ugh',14),('uk',8),('ultron',21),('unbox',54),('unboxing',98),('unboxtherapy',20),('uncovered',17),('under',14),('undercover',15),('underrated',5),('universe',19),('unsane',3),('up',79),('upcoming',19),('uprising',14),('ups',11),('urban',15),('urbandictionary',5),('v',7),('v2',5),('vader',25),('val',7),('valentines',10),('van',7),('vanilla',11),('vansire',7),('vegan',6),('venom',10),('venting',7),('vfx',19),('vibranium',7),('victims',16),('video',242),('videography',4),('videos',159),('videotapes',3),('view',4),('vignette',7),('viii',7),('violence',3),('violet',21),('viral',13),('vision',1),('visual',4),('vlog',64),('vlogger',6),('vloggers',13),('vlogging',34),('vlogmas',6),('vlogs',100),('vlogtoons',8),('vogt-roberts',3),('vol',13),('voldemort',6),('voldemortorigins',6),('voldemortoriginsoftheheir',6),('volume',13),('vow',3),('vows',4),('vs',99),('vs.',22),('waititi',14),('wakanda',10),('walking',3),('walt',2),('wanted',11),('war',144),('warrior',22),('warriors',2),('wars',386),('wars:',7),('was',19),('watch',6),('watchingvoldemort',6),('water',32),('waterhouse',4),('ways',4),('web',60),('website',35),('wedding',24),('weed',4),('week',15),('weeny',8),('weight',18),('welcome',44),('wes',65),('wesley',7),('west',16),('western',17),('westworld',17),('what',4),('whatsit',9),('wheres',13),('which',9),('white',43),('who',24),('why',38),('wicked',5),('wilder',17),('wilderness',11),('wildfire',5),('will',28),('willdarbyshire',7),('william',15),('williams',11),('willy',68),('win',8),('winfrey',13),('wing',5),('winner',92),('winners',7),('winnie',15),('winningest',3),('winsor',2),('winter',1),('wired',2),('wired.com',2),('wireless',7),('wisconsin',4),('wisdom',40),('wishes',3),('wisseau',7),('witchcraft',10),('with',258),('witherspoon',9),('wix',5),('wix.com',5),('wolfhard',8),('wolverine',8),('woman',63),('women',11),('wonder',56),('wong',7),('wonka',68),('wood',5),('woodwork',2),('woodworking',2),('workbench',2),('worker',7),('working',36),('world',102),('worldwarz',8),('wreck',15),('wreck-it',6),('wrestler',38),('wrestling',38),('wright',16),('wrinkle',9),('write',14),('writer',28),('writes',42),('writing',6),('written',28),('wrong',105),('ws2811',6),('wwz',8),('x',57),('x-men',14),('x264',15),('xd',9),('xl',7),('xmas',9),('xmen',19),('y\'dala',11),('y2k',2),('yardie',7),('yeah!',2),('year',6),('years',47),('yong',4),('york',29),('you',74),('young',18),('your',70),('youth',20),('youtube',407),('youtuber',15),('yt:cc=on',13),('zac',40),('zendaya',5),('zhu',4),('zipline',13),('zombie',11),('zombies',11),('Куплинов',13),('кино',13),('короткий',13),('короткометражка',13),('короткометражный',13),('кот',18),('метр',13),('саймона',18),('#',12),('#STBY',12),('&',40),('(2017)',3),('(Animal)',8),('(Award-Winning',50),('(Celebrity)',50),('(Comic',50),('(Country)',8),('(Film',21),('(Literature',1),('(Martial',50),('(May',5),('(Media',5),('(Membership',1),('(Movie)',10),('(Musical',50),('(Organism',8),('(Organization)',1),('(Production',50),('(TV',52),('(film',18),('(song)',13),('-',9),('1',60),('1/12th',8),('10',52),('100',4),('1000',3),('1080',19),('11',3),('12',3),('13',68),('14',14),('150TB',4),('18th',5),('18thc',5),('1936',2),('1960s',12),('1979',8),('1980s',32),('2',358),('2003',9),('2008',13),('2014',8),('2016',3),('2017',173),('2017)',5),('2018',582),('2018!',4),('20th',81),('23',9),('28',14),('2nd',42),('3',51),('360',10),('3D',76),('3d',8),('4',15),('451',24),('4D',4),('4k',5),('5',50),('5000',11),('52',3),('6',44),('6d',5),('7',29),('8',53),('80s',26),('8_rTIAOohas',7),('8th',24),('9',19),('90\'s',11),('99',13),('A',13),('A24',65),('AID',28),('AIRPLANE',4),('ALL',18),('Aaron',2),('Abbi',7),('Abernathy',17),('Abigail',11),('Abrams',53),('Accident',1),('Acre',18),('Action',178),('Actor)',1),('Adam',29),('Adams',13),('Aday',1),('Adorable',1),('Adrift',13),('Adult',5),('Adventure',11),('Adventures',47),('Aerial',12),('Afraid',4),('Agency',15),('Agenda',17),('Aiden',28),('Al',3),('Albertalli',17),('Alec',29),('Alex',35),('Alexandra',31),('Ali',7),('Alice',1),('Alicia',7),('All',20),('Amanda',14),('Amandla',7),('Amazing',1),('Amazon',184),('Amma',8),('Amy',23),('Anakin',8),('Anderson',16),('Andrew',28),('Andrews',1),('Android',3),('André',38),('Andy',13),('Angela',29),('Animated',66),('Animation',282),('Anna',13),('AnnaSophia',11),('Annapurna',24),('Anne',7),('Annette',12),('Annihilation',28),('Anthony',17),('Antonio',12),('App',4),('Apprentice',12),('Apps',9),('Are',7),('Ari',7),('Ariel',7),('Armie',12),('Arnaud',3),('Arnold',12),('Arrival',7),('Arryn',7),('Art',26),('Artist)',100),('Asa',5),('Asante',8),('Ash',13),('Aspiration',3),('Assault',4),('Association',13),('Aster',7),('Atomic',4),('Aurora',1),('Australia',8),('Autodesk',4),('Avatar',7),('Avengers',32),('Aviron',7),('Award',4),('Awards',39),('Aylesworth',3),('B',3),('B.',24),('BBC',10),('BEST',10),('BETTER',4),('BOYFRIEND',4),('BUY',5),('Baby',1),('Bad',36),('Bailey',19),('Baldwin',29),('Banderas',12),('Barnum',38),('Barry',3),('Basketball',13),('Bassett',29),('Bateman',3),('Beach',5),('Beasts',7),('Beatty',24),('Becky',17),('Behind',10),('Belle',24),('Ben',58),('Bening',12),('Benj',17),('Berlant',12),('Berlanti',17),('Best',12),('Beth',7),('Bette',11),('Betty',2),('Bieber',13),('Big',1),('Bill',42),('Biography',6),('Bird',27),('Birdbox',1),('Bishai',3),('Black',19),('Blackmer',2),('Blake',7),('Blockbuster',1),('Blomkamp',13),('Blonde',4),('Bloopers',6),('Blumhouse',13),('Blunt',1),('Bob',19),('Bobb',4),('Book',100),('Boots',12),('Boseman',3),('Boston',13),('Bother',12),('Bottle',1),('Boutella',24),('Bowen',17),('Bowie',11),('Bowl',29),('Boynton',28),('Bracken',14),('Brad',19),('Bradbury',24),('Bradshaw',1),('Brady',4),('Bragio',12),('Bravest',2),('Breakfast',13),('Breaking',49),('Breslin',11),('Bridges',13),('Brodie-Sangster',5),('Brooker',2),('Brooklyn',27),('Bros',15),('Brother',1),('Brothers',24),('Browns',4),('Brownstein',14),('Bruce',15),('Bryan',17),('Burt',7),('Burton',1),('Bush',19),('Butterfield',5),('Byrne',7),('CAMERA',10),('CAN',5),('CASEY',4),('CG',4),('CIA',30),('CK',4),('Caer',5),('Callahan\'s',7),('Callister',2),('Camera',4),('Cameron',2),('Camila',5),('Camille',13),('Camp',12),('Campion',3),('Canon',5),('Capture',4),('Carano',50),('Carell',7),('Carey',12),('Carlos',1),('Carrie',14),('Cartoon',4),('CartoonHangover',2),('Casey',5),('Casper',7),('Cassius',12),('Cat',18),('Catfish',1),('Cavill',29),('Celtics',13),('Central',15),('Century',67),('Cerveris',4),('Chad',18),('Chadwick',3),('Character',4),('Charles',8),('Charles-Marie',7),('Charlie',2),('Charlize',20),('Charlotte',4),('Chicago',1),('China',1),('Chloe',10),('Chris',50),('Christie',7),('Christmas',24),('Christoph',7),('Christopher',47),('ChristopherRobin',15),('Cinema',50),('Cinematic',13),('Circus',4),('City',8),('Clafin',13),('Clarisse',24),('Clark',7),('Clarkson',13),('Class',4),('Classic',14),('Classification)',8),('Cleveland',4),('Climate',1),('Clip',13),('Clips',7),('Clock',91),('Clone',16),('Club',13),('Clueless',11),('Coach',3),('Colbert',7),('Colin',1),('Collage',16),('College',9),('Collette',7),('Colletti',12),('Comedian',3),('Comedy',146),('Comic',50),('Comics',50),('Coming',7),('Commercial',11),('Company)',50),('Compositing',4),('Computer',4),('Conceptual',4),('Conor',4),('Container',1),('Contemporaryart',16),('Coogan',4),('Cooke',12),('Copeland',11),('Copley',10),('Corddry',7),('Costa',12),('Cox',11),('Craig',3),('Cranston',17),('Craven',13),('Creek',17),('Crew',3),('Crews',12),('Cristin',2),('Croft',7),('Cross',12),('Cruise',29),('Crusader',22),('Cured',3),('Cute',66),('Cwierz',11),('Cynthia',10),('D',2),('DIY',2),('DJI',8),('DREAM',4),('Daft',11),('Dahl',17),('Daisy',8),('Dakota',20),('Dan',32),('Daniel',7),('Danish',7),('Danny',18),('Dano',12),('Dark',17),('Darkest',7),('Dash',19),('Date',4),('David',72),('Dawson’s',17),('Day',10),('Days',14),('DeVito',1),('Dead',50),('Deadpool',200),('Death',46),('Design',10),('Destination',162),('Destroyer',6),('Detroit',12),('Devin',4),('DiCaprio',1),('Dick',1),('Dien',7),('Digital',4),('Dinklage',3),('Disney',261),('District',13),('Ditto',7),('Diy',16),('Dog',32),('Dogs',10),('Dolores',17),('Domain',2),('DomesticTrailer1',15),('Dominic',7),('Dominika',4),('Don\'t',33),('Don’t',14),('Doritos',15),('Dornan',22),('Doug',4),('Downey',13),('Dr.',17),('Drama',59),('Drew',13),('Drive',4),('Driver',8),('Drives',4),('Drones',4),('Duhamel',17),('Duke',7),('Dumbo',1),('Dundee',1),('Dwayne',10),('Dyke',1),('Dylan',11),('Dynamite',11),('E.T.',5),('ESPN',19),('Earle',7),('Eclipse',5),('Economy',1),('Ed',74),('Eddy',11),('Edgerton',24),('Editing!',4),('Edna',19),('Edward',10),('Eeyore',18),('Effects',4),('Efron',17),('Egerton',22),('Egorova',4),('Eighth',16),('Eighties',13),('Eiza',7),('Elastigirl',19),('Electric',5),('Elephant',1),('Eli',5),('Elisabeth',5),('Eliza',13),('Elizabeth',24),('Ellen',3),('Ellie',7),('Elsie',8),('Emily',1),('Emirates',4),('Ended',3),('English',22),('Entertainment',10),('Environment',1),('Episode',6),('Episodes',4),('Equality',1),('Erica',13),('Erik',3),('Erivo',10),('Essential',3),('Ethan',13),('Eva',14),('Evan',17),('Eve',33),('Every',10),('Everyday',5),('Ewan',18),('Ex',33),('Explained',12),('Exposed',17),('Extended',1),('Eye',3),('FBI',11),('FDR',2),('FLOAT',13),('FOX',17),('FX',4),('Fahey',7),('Fahrenheit',24),('Fallout',58),('Falls',4),('Fan-made',5),('Fandango',63),('Fantastic',11),('Fantasy',13),('Far',21),('Faris',13),('Farrell',1),('Favreau',13),('Featurette',7),('Feel',70),('Felton',8),('Ferguson',46),('Ferrin',4),('Fest',4),('Fi',14),('Fiction',14),('Field',7),('Fight',5),('Film',143),('Films',65),('Finale',12),('First',4),('Fist',5),('Fitzgerald',11),('Five',3),('Flipbook',1),('Flood',17),('Flying',1),('Flynn',13),('Fogelman',24),('Foot',21),('Football',3),('Ford',29),('Forget',29),('Fowler',12),('Fox',50),('Foxx',22),('Foy',11),('Francis',4),('Francois',3),('Franklin',4),('Free',32),('Freeman',17),('Freemeo',2),('From',10),('Frozone',19),('Full',6),('Funny',19),('Furness',2),('Fury',5),('GFX',4),('GREATEST',4),('Gabriel',7),('Gag',6),('Gallagher',11),('Game',3),('Games',4),('Garfield',28),('Garland',14),('Garner',28),('Garrett',4),('Gavin',29),('Gender',1),('Gene',1),('Genre)',69),('Geoff',29),('Gerwig',23),('Get',21),('Giant',19),('Gillen',28),('Gillian',28),('Gilligan',7),('Gina',64),('Girl',20),('Girls',10),('Glover',13),('Godell',4),('Godfrey',23),('Goggins',7),('Golamco',6),('Goldblum',10),('Goldcrest',3),('Gone',13),('González',7),('Goode',8),('Goosebumps',4),('Gordon',7),('Goth',10),('Grace',24),('Gracey',17),('Grade',16),('Graham',3),('Graphics',4),('Gravity',4),('Green',13),('Greg',17),('Greta',23),('Gringo',40),('Guadagnino',10),('Gugu',8),('Gus',7),('Guy',24),('Gwendoline',7),('Gwilym',28),('Gwyneth',14),('Gyllenhaal',12),('HBO',151),('HD',131),('HERE!!!!!',4),('HISHE',3),('HOW',4),('HUGE',13),('Hackman',1),('Haddish',13),('Haim',10),('Hale',17),('Haley',7),('Hallström',11),('Hammer',12),('Han',13),('Hangover',2),('Harbour',1),('Hard',8),('Hardwick',12),('Hardy',28),('Harlem',13),('Harp',15),('Harper',10),('Harris',46),('Harry',10),('Hart',10),('Hasan',15),('Hassan',7),('Hathaway',7),('Haul',5),('Have',3),('Hawke',13),('Haywood',29),('He',21),('Heather',7),('Hedlund',4),('Hehir',19),('Heizer',17),('Helen',11),('Hemsworth',7),('Hendricks',3),('Henry',31),('Here',4),('Hereditary',35),('Heughan',15),('Hewson',22),('Hill',14),('Hodge',7),('Hogan',19),('Holidays',11),('Hollander',28),('Holly',4),('Hollywood',7),('Home',12),('Homecoming',2),('Homo',17),('Honey',19),('Hooli',3),('Hopkins',19),('Horror',13),('Hotel',1),('House',96),('How',17),('Howery',13),('Hugh',18),('Hughes',13),('Hulk',25),('Humour',18),('Hundred',18),('Hunger',4),('Hunter',4),('I',96),('IFC',38),('III',19),('INSIDER',16),('INSTANTLY',4),('IS',4),('IX',6),('Ideal',12),('Illustrated',19),('Imperial-class',6),('Impossible',127),('In',42),('Incredibles',57),('Independent',26),('Industry',1),('Infinity',16),('Instant',46),('Insults',10),('Intelligence',15),('International',14),('Internet',3),('Ireland',3),('Iron',52),('Irons',4),('Irving',13),('Is',36),('Isaac',26),('Isle',10),('It',15),('Itself',12),('Ivanna',15),('J.',50),('J.J.',29),('JJ',24),('JLaw',4),('Jack',43),('Jackie',7),('Jackman',18),('Jackson',10),('Jacobson',7),('Jake',16),('James',22),('Jamie',44),('Jason',40),('Jean-Marc',13),('Jedi',8),('Jeff',44),('Jeffrey',17),('Jenkins',4),('Jennifer',62),('Jeremy',8),('Jermaine',12),('Jerry',3),('Jesse',2),('Jessica',10),('Jim',1),('Jinping',1),('Joaquin',14),('Joe',10),('JoePa',3),('Joel',14),('Johansson',10),('John',73),('Johnny',4),('Johnson',27),('Johny',4),('Jon',27),('Jonah',14),('Jonathan',17),('Jones',62),('Jonghyun',16),('Jordan',45),('Jorge',17),('Joseph',28),('Josh',17),('Josie',24),('Joy',21),('Jr',13),('Jr.',23),('Juan',11),('Julie',1),('Jumanji',10),('Jumbo',1),('Jurassic',16),('Justin',32),('Kajganich',10),('Kaling',4),('Kanga',18),('Katana',5),('Kate',28),('Katherine',17),('Kazan',16),('Keala',10),('Keanu',27),('Keaton',1),('Keean',7),('Keeley',3),('Keira',11),('Keiynan',17),('Kemper',7),('Kensukekoike',16),('Keough',14),('Kevin',10),('Kier',7),('Killed',4),('Kim',7),('Kirby',29),('Kishiro',7),('Klepper',7),('Knightley',11),('Kookaburra',8),('Kroll',26),('Kumail',3),('Kunis',15),('Kuplinov',13),('Kylo',8),('Kyrie',13),('LA',5),('LADP',11),('LEGALLY',4),('LG',4),('LII',9),('LIONSGATE',13),('LIVE',28),('Laia',12),('Lake',64),('Lakeith',12),('Lalonde',13),('Landau',7),('Langford',17),('Lara',7),('Lasse',11),('Last',50),('Later',14),('Laverne',11),('Lawrence',13),('Lawther',11),('Lee',38),('Leia',8),('Leigh',14),('Lendeborg',17),('Leonardo',1),('Leslie',13),('Levi',4),('Levin',27),('Levine',7),('Levinson',3),('Levy',7),('Liev',10),('Life',15),('Light',5),('Lightsabers',5),('Lil',13),('Lin-Manuel',1),('Lindsay',29),('Link',5),('Linus!',4),('Lisa',30),('Literature',5),('Little',5),('Live',31),('Logan',17),('Lokkesmoe',3),('Long',5),('Longoria',13),('Longstreet',12),('Lonsdale',17),('Louis',4),('LoveSimon',17),('Low',5),('Loxley',22),('Luca',10),('Lucas',16),('LucastheSpider',56),('Lucy',28),('Luke',9),('Luna',11),('MARRIED',4),('MBJ',23),('MCU',13),('MGM',5),('MI6',20),('MONEY',5),('MOST',5),('MY',8),('Machina',21),('Mackenzie',11),('Madtown',3),('Maeve',17),('Mahershala',7),('Main',7),('Malcomson',3),('Malek',28),('Man',52),('Mandy',19),('Manson',7),('Many',25),('Manziel',8),('Mara',14),('Marcella',12),('Marcus',6),('Margaret',12),('Margot',1),('Mark',7),('Markle',1),('Marsden',17),('Marshall',1),('Marti',13),('Martin',3),('Marty',17),('Marvel',135),('Mary',2),('Mary-Louise',4),('Master',17),('Matarazzo',7),('Matchmover',4),('Matt',16),('Matte',4),('Matthew',15),('Matthews',4),('Matthias',4),('Maxwell',11),('Maya',8),('Maze',10),('Mazzello',28),('Mbatha-Raw',8),('McAdams',3),('McBride',1),('McClellan',24),('McConaughey',7),('McDermott',6),('McDonald\'s',24),('McDonalds',4),('McDorman',4),('McDs',4),('McGregor',22),('McKinnon',15),('McMahon',12),('McQuarrie',29),('Me',26),('Meghan',1),('Melvin',1),('Mendelsohn',22),('Merry',1),('Meryl',4),('Messina',13),('Metro-Goldwyn-Mayer',5),('Mia',10),('Michael',112),('Michelle',53),('Middleditch',3),('Midler',11),('Midnight',4),('Mike',28),('Mikey',19),('Mila',15),('Miles',28),('Milioti',2),('Millay',17),('Miller',84),('Millie',29),('Mills',10),('Milly',7),('Milo',1),('Minds',20),('Mindy',4),('Mine',1),('Minhaj',22),('Miranda',1),('Mirren',11),('Mirror',2),('Mission',127),('Misty',11),('Mitchell',28),('MoCap',4),('Mocha',4),('Mode',19),('Modeling',4),('Monaghan',29),('Montag',24),('Montana',12),('Moore',8),('Morel',11),('Moretz',10),('Morgan',17),('Morrone',5),('Morty',20),('MortyMatters',4),('Mother!',4),('Motion',4),('Movement',3),('Movie',534),('Movieclips',126),('Movies',59),('Mrs.',19),('Mudbound',12),('Mulaney',20),('Mulligan',12),('Multimedia',4),('Munn',7),('Muraay',1),('Murphy',19),('Murray',10),('Myers',28),('Mystery',34),('NBA',26),('NCAA',6),('NEED',3),('NEW',4),('NFL',7),('NOTMS',7),('Nanjiani',3),('Napoleon',11),('Nash',10),('Natalie',14),('Nate',13),('National',13),('Nations',1),('Navarro',12),('Neill',13),('Neistat',5),('Nelson',7),('Netflix',2),('New',87),('Newton',10),('Nick',48),('Night',23),('Nine',26),('NoGreenband',15),('Noah',13),('Nolan',17),('Nomad',22),('Norton',10),('Novotny',14),('Now',10),('Now!',3),('Nowhere',11),('Noxon',13),('Nuke',4),('Nunchaku',5),('Nunchucks',5),('Nutcracker',11),('O\'Brien',5),('Oats',13),('OatsStudios',13),('Oceanic',1),('Odenkirk',19),('Of',4),('Offerman',5),('Official',284),('Oliver',7),('Olivia',39),('Omari',12),('On',31),('Oprah',8),('Organization)',1),('Original',46),('Ortiz',11),('Oscar',26),('Oswalt',12),('Outtakes',6),('Overboard',13),('Owen',1),('Owl',18),('Oxenbould',12),('Oyelowo',10),('O’Neal',13),('P.T.',17),('PArties',10),('PES',5),('POV',4),('PRESENT',4),('Pablo',11),('Pacino',3),('Page',3),('Painting',4),('Paltrow',14),('Panther',3),('Paper',1),('Paramount',43),('Paris',10),('Parker',4),('Particle',4),('Pascal',7),('Pasek',17),('Pasta',16),('Pastamachine',16),('Paterno',6),('Patinkin',12),('Patricia',13),('Pattillo',29),('Pattinson',13),('Patton',12),('Paul',39),('Paula',3),('Peek',38),('Pegg',29),('Penn',3),('Pepper',13),('Peppermint',33),('Perkins',20),('Persistence',1),('Peter',9),('Phil',2),('Phillip',4),('Phoenix',14),('Photography',8),('Pictures',71),('Pied',3),('Pierre',11),('Piglet',18),('Piper',3),('Pixar',120),('Places',13),('Plastic',1),('Playground',10),('Plemons',2),('PodOp',4),('Politics',1),('Pollution',1),('Poly',4),('Pooh',18),('Poppins',2),('Popular',4),('Portland',7),('Portman',14),('Post',7),('Potts',13),('Preaker',13),('President\'s',2),('Presidents',2),('Pretty',70),('Preview',82),('Prime',92),('Princess',8),('Prison',1),('Pro',4),('Production',4),('Productivity',6),('Projection',4),('Public',2),('Punk',11),('REM',3),('RT',53),('RTAA',29),('RWBY',7),('Raba',11),('Rabbit',18),('Rachel',21),('Radio',10),('Ragnarok',6),('Raider',42),('Rami',28),('Ramirez',1),('Rampling',4),('Ramsey',29),('Ransone',4),('Rapid',3),('Ratray',4),('Ray',24),('Reach',14),('Realflow',4),('Reality',10),('Rebecca',60),('Recreation',5),('Recycle',1),('Recycling',1),('Red',108),('Reel',6),('Reese',4),('Reeves',27),('Reggie',13),('Reid',4),('Reiko',3),('Rel',13),('Release',43),('Ren',8),('Renderman',4),('René',19),('Replacement',15),('Returns',1),('Reubens',4),('Rewrite',5),('Rey',8),('Reylo',8),('Reynolds',63),('Rhames',29),('Rhett',5),('Richard',19),('Rick',20),('Ridley',8),('Rifkin',14),('Rigging',4),('Right',3),('Riley',26),('Ringling',6),('Rittenhouse',7),('Rivas',11),('Rivers',4),('Roar',7),('Rob',8),('Robb',11),('Robbie',1),('Robert',90),('Robin',40),('Robinson',30),('Robot',29),('Rock',17),('Rodriguez',28),('Roger',4),('Ron',7),('Ronan',13),('Roo',18),('Rooney',14),('Roosevelt',4),('Rooster',53),('Rosa',7),('Rosen',2),('Ross',3),('Roth',5),('Rotoscoping',4),('Roussimoff',19),('Royal',1),('Ruby',7),('Rucker',13),('Rudd',4),('Runner',5),('Runner:',5),('Ryan',79),('Ryder',27),('SB',3),('SBLII',3),('SEAT',4),('SERVER!',4),('SHINee’s',8),('SISTER\'S',4),('SNL',13),('STBY',12),('STX',62),('Saber',5),('Sakhno',15),('Salad',1),('Salazar',7),('Sam',31),('Samberg',13),('Samuel',2),('Samurai',5),('Sanchez',4),('Sandler',7),('Sandusky',3),('Sant',7),('Sao',5),('Saorise',13),('Sapiens',17),('Sarah',7),('Saturday',13),('Saturdays',10),('Scanlen',13),('Scarlett',10),('Scene',5),('Scenes',10),('Schoenaerts',4),('Schreiber',10),('Schumer',10),('Schwarzenegger',12),('Sci',14),('Sci-Fi',58),('Science',14),('Scorch',5),('Scott',10),('Sean',29),('Season',4),('Seconds',3),('Serenity',7),('Series',46),('Settle',10),('Setup',4),('Sexual',4),('Seyfried',10),('Shadow',5),('Shailene',13),('Shake',4),('Shannon',28),('Shape',4),('Shapiro',7),('Shaquille',13),('Sharlto',10),('Sharon',11),('Shawn',7),('Shipp',17),('Short',19),('Shorts',4),('Should',3),('Shue',5),('Sidney',2),('Silicon',3),('Silver',56),('Silverman',7),('Simmons',19),('Simon',64),('Simple',13),('Sin',7),('Singing',1),('Sister',1),('Sisters',17),('Skateboard',5),('Skout',11),('Skrein',57),('Skydance',29),('Skywalker',21),('Smith',8),('Sneak',38),('Snipes',6),('Soderbergh',4),('Sofia',24),('Solo',13),('Song',6),('Sony',5),('Soon',7),('Sophia',19),('Sophie',6),('Sorry',12),('Southern',14),('Spain',12),('Sparrow',8),('Special',4),('Spence',4),('Spider',23),('Spirit',39),('Sports',38),('Spot',13),('Spy',5),('Square',3),('St.',11),('Stalin',36),('Stanfield',12),('Star',121),('Stark',23),('Starr',3),('Stars',7),('State',3),('States',1),('Stenberg',7),('Stephen',11),('Steve',18),('Steven',16),('Stewart',7),('Stiller',8),('Stone',11),('Storm',4),('Story',5),('Storyboarding',4),('Stranger',7),('Streep',4),('Street',1),('Stuart',3),('Studios',90),('Stunts',29),('Subject)',9),('Suit',19),('Suite',4),('Super',48),('Superhero',6),('Supers',19),('Suspiria',10),('Swinton',20),('Switching',5),('T.',50),('TEACHING',4),('THE',5),('TIE',12),('TIME',4),('TO',4),('TRYANGLE',6),('TRYANGLEFILMS',6),('TV',13),('Taco',5),('Taika',6),('Talk',10),('Taron',22),('Teaser',35),('Teddy',17),('Teen',5),('Teeth',53),('Tenenbaums',1),('Teresa',12),('Terry',13),('Tessa',26),('Texture',4),('Texturing',4),('Thandie',10),('The',253),('TheCGBros',4),('Theron',20),('Theroux',15),('Things',7),('Third',3),('This',29),('Thomas',8),('Thompson',26),('Thor',12),('Thor:',6),('Thriller',13),('Tide',7),('Tiffany',13),('Tigger',18),('Tilda',20),('Tim',1),('Time',8),('Times',3),('Tips',4),('Titanic',2),('To',22),('Todayscuriosity',16),('Todd',4),('Tofield',18),('Tom',92),('Tomb',42),('Tomorrow',5),('Toni',7),('Tony',30),('Too',7),('Tools',2),('Toons',18),('Topher',14),('Toth',11),('Tour',4),('Trade',1),('Trailer',864),('Trailers',212),('Trash',1),('Treadaway',10),('Trials',5),('Trilogy',14),('Trump',13),('Turner',6),('Tuva',14),('Twin',5),('UAV',4),('USS',2),('Udo',7),('Uncle',13),('Under',42),('United',2),('Universal',40),('Universe',13),('Unmanned',4),('Us',24),('Uthaug',7),('V',6),('VFX',51),('VIDEOS!',4),('VLOG',4),('VLOGGING',5),('VR',10),('Valley',3),('Vallée',13),('Van',15),('VanderMeer',14),('Vanessa',29),('Vaughn-Lawlor',3),('Vazquez',10),('Vehicle',4),('Ventimiglia',1),('Victor',27),('Video',101),('Vikander',7),('Vince',19),('Ving',29),('Violet',19),('Virtual',10),('Visual',4),('WB',7),('WISH',14),('WWE',38),('Waititi',6),('Walls',91),('Walt',88),('Walter',7),('Walton',7),('Waltz',7),('War',16),('Warner',36),('Warriors',2),('Wars',40),('Waste',1),('Wave',3),('Way',7),('We',3),('Webber',20),('Wedding',162),('Weiss',7),('Wes',1),('Wesley',6),('West',7),('Westworld',17),('Where',4),('White',11),('Who',4),('Wife',19),('Wilcoxon',2),('Wild',1),('Wilde',12),('Wildlife',20),('Wilkinson',8),('Willa',11),('Williams',17),('Willis',5),('Wilson',1),('Winnie',18),('Winning',4),('Winona',27),('Winslet',1),('Winter',8),('Wish',10),('Witherspoon',4),('Wolff',7),('Woman',5),('Women',1),('Won\'t',7),('Won’t',14),('Wood',35),('Woodhead',4),('Woodley',13),('Woodruff',12),('Woods',3),('Woodworking',4),('Work)',50),('Worry',21),('WrestleMania',19),('Wright',17),('Wrinkle',8),('Writer)',50),('Wu',7),('Wyck',17),('X-Men',50),('Xi',1),('Yang',7),('Yeun',12),('York',16),('You',45),('YouTube',4),('YouTube.com/MikeyMurphy',6),('Young',5),('Your',7),('Yuh',7),('Yukito',7),('Yul',10),('Zac',17),('Zach',3),('Zak',4),('Zech',7),('Zendaya',17),('Zissis',7),('Zoe',24),('Zoetrope',1),('a',285),('a24',226),('a7s',10),('abarker',8),('about',26),('abridged',5),('abuse',3),('academy',105),('achmed',2),('act',9),('action',68),('action/adventure',7),('actiwatches',4),('acton',5),('actor',35),('actors',4),('ad',11),('adam',17),('adams',7),('adande',5),('adaptation',3),('addiction',4),('adopted',4),('adoption',4),('adorable',18),('ads',15),('adult',18),('advanced',8),('adventure',82),('adventures',9),('advice',11),('aerial',8),('affleck',14),('after',5),('age',31),('agent',15),('aging',18),('ai',56),('airport',14),('akana',11),('alan',4),('alex',701),('alexclark',6),('ali',19),('alice',6),('alita',7),('alita:',7),('allegri',2),('allen',15),('alone',1),('along',2),('aluminum',24),('alvord',15),('amazing',26),('amazon',101),('america',24),('american',12),('amityville',8),('amy',20),('an',7),('ana',11),('and',288),('anderson',65),('andopolis',4),('andre',6),('andrew',7),('android',14),('andy',5),('angel',14),('angeles',19),('angourie',3),('animal',30),('animalism',4),('animals',22),('animate',6),('animated',328),('animating',12),('animation',395),('animations',76),('anime',40),('ann',40),('anna',11),('annaakana',11),('anne',8),('anorexia',5),('ant',9),('apartments',14),('apatow',4),('apes',5),('apocalypse',3),('app',10),('apple',102),('apples',7),('apprentice',6),('apps',9),('aquaman',7),('arden',12),('are',7),('ari',14),('arm',11),('armie',4),('armor',3),('arnold',8),('aronofsky',10),('arose',6),('arrival',14),('arrow',18),('art',40),('artificial',14),('artist',21),('artistic',20),('ask',12),('asmr',5),('assassins',15),('assault',3),('assistant',3),('asuna',5),('at',61),('athletes',19),('atlantic',10),('atlus',15),('attack',19),('aunt',9),('austin',53),('autism',20),('autistic',13),('autobiography',7),('ava',9),('avengers',112),('awakens',33),('award',46),('awards',64),('away',22),('awesome',13),('azerrz',3),('b',7),('b&h',4),('baby',23),('babysitting',7),('back',64),('backyard',16),('bad',16),('bader',11),('bake',26),('ball',4),('balloon',11),('band',200),('bang',32),('bankrupt',7),('bankruptcy',7),('banner',6),('barbara',7),('basketball',13),('batman',87),('battery',5),('battle',21),('battlefield',22),('bball',13),('bbc',24),('be',12),('beast',19),('beat',7),('beckham',4),('bee',204),('bees',34),('before',6),('behind',12),('being',1),('belle',16),('ben',20),('benefit',7),('best',110),('bestfriends',15),('betsy',11),('bff',15),('bialik',30),('big',44),('biggest',4),('bill',7),('billboards',7),('billy',11),('biographical',7),('bird',59),('birdman',10),('birds',32),('birthday',14),('bit',13),('bitcoin',19),('bitsy',8),('black',273),('blacknerd',6),('blacknerdcomedy',6),('blackton',2),('blade',36),('bleecker',88),('bleeker',22),('blink',5),('blockbuster.dk',1),('blockbuster.fi',1),('blockbuster.no',1),('blockbuster.se',1),('blood',12),('bloom',11),('blunt',9),('bo',32),('board',14),('body',10),('bohemian',84),('bojou',4),('bolt',3),('bomber',6),('bond',4),('bonding',53),('bonsai',1),('book',35),('books',48),('boosted',10),('boostedboard',5),('border',11),('borders',13),('boseman',7),('bounty',33),('bountyhead',22),('bow',18),('bowl',6),('box',7),('boyega',35),('boyfriend',30),('boyinaband',10),('brad',1),('bravest',2),('break',11),('breakdown',6),('breaks',15),('brian',22),('bride',2),('brien',5),('bright',8),('broadway',10),('brock',1),('brockovich',3),('brokeback',12),('broken',13),('brothers',2),('brownie',2),('bruce',6),('brushes',5),('bts',6),('buckets',5),('budapest',10),('build',11),('builder',5),('bulimia',5),('bullied',11),('bullies',24),('bully',51),('bullying',14),('bunsen',10),('burger',4),('burn',24),('burnham',32),('burning',48),('burton',7),('business',8),('busk',5),('but',42),('butch',16),('buzzfeed',20),('bvs',1),('by',31),('c4d',5),('cailee',7),('cake',51),('california',5),('call',11),('camera',44),('cameras?',5),('cameron',17),('camp',5),('can',8),('canada',42),('cancelled',10),('candy',17),('canon',15),('captain',16),('capture',2),('car',2),('caravan',14),('caretaker',1),('carrey',14),('carrie',7),('cars',14),('cartoon',87),('cartoonhangover',2),('cartoons',118),('case',5),('casey',30),('cash',32),('casino',19),('cast',25),('casting',8),('cat',126),('cats',90),('caverns',11),('cavill',7),('cawing',18),('celebrities',8),('celebrity',4),('celine',4),('cena',22),('century',24),('cg',8),('cgi',5),('chadwick',7),('chalamet',4),('challenge',88),('challenges',35),('changed',4),('channel',302),('chaos',8),('chappie',13),('chapter',16),('character)',18),('charge',29),('chariot',15),('charity',14),('charlie',41),('chasers',5),('cherish',4),('chester',5),('chibiusa',10),('child',9),('childish',3),('chip',10),('choc',10),('chocolate',78),('choke',3),('choose',4),('chopping',5),('chris',31),('chrismas',7),('christmas',125),('christopher',97),('chritopher',7),('cinder',7),('cinema',127),('cinema4d',5),('cinemasins',97),('cinematic',19),('cinnamon',11),('city',29),('claire',3),('clark',777),('class',22),('classic',36),('clause',14),('claymation',5),('clickbait',16),('cline',8),('clip',43),('clips',15),('closer',15),('clothing',5),('clou',4),('clown',7),('club',19),('cnn',11),('coach',9),('cockatiel',13),('coco',60),('cohen',11),('cohl',2),('cold',1),('collapse',7),('college',6),('collette',6),('color',8),('comeback',4),('comedian',7),('comedy',144),('comics',68),('coming',77),('commander',22),('commentaries',12),('commentary',8),('comments',7),('commercial',18),('commerical',2),('company',10),('computer',6),('confidant',15),('conquering',3),('conservative',11),('conspiracy',15),('coogler',7),('cook',29),('cookie',20),('cookies',12),('cooking',6),('cool',14),('coordinator',2),('corruption',22),('corset',5),('cosplay',5),('costume',10),('countdown',3),('couples',6),('courage',14),('court',24),('cowboys',17),('crappy',8),('crashes',13),('crazy',13),('cream',10),('create',5),('creative',1),('creativity',3),('creators',4),('creature',4),('crime',35),('crisis',12),('critters',11),('crossbow',27),('crossover',18),('crow',36),('crowd',8),('crown',25),('crunchyroll',5),('crush',12),('cry',18),('culture',3),('cupboard',2),('cure',13),('custom',6),('cute',90),('cw',6),('cwierz',29),('cyborg',7),('cyclops',2),('cypherden',6),('dabchick',6),('dad',59),('dads',13),('dakota',6),('dance',32),('dandy',11),('danny',16),('darbyshire',14),('dare',6),('dark',62),('darkest',53),('darkness',10),('darko',12),('darren',5),('darryl',8),('darth',24),('dash',21),('date',4),('dating',4),('dave',7),('david',7),('davies',5),('davis',12),('day',95),('dc',23),('dceu',8),('dctv',6),('de',7),('dead',3),('deadpool',348),('deadshot',1),('deal',16),('death',32),('deaths',20),('debby',3),('debut',12),('deep',16),('deer',3),('deknight',14),('del',4),('demon',1),('deprivation',3),('derrick',11),('derrytown',11),('desert',11),('design',13),('dessert',77),('devingraham',4),('dictionary',15),('dies',9),('dietschy',39),('digital',2),('dinner',8),('dino',8),('dinosaur',10),('dinosaurs',8),('dion',4),('directed',13),('director',36),('disaster',38),('discrimination',3),('disease',3),('disney',320),('disneyland',40),('disorder',10),('district9',13),('diy',6),('docs',19),('documentary',43),('does',13),('dofus',12),('dogs',15),('dollhouse',16),('don\'t',8),('donald',3),('donnie',12),('dontworry',7),('doofenshmirtz',18),('doozy',4),('doubt',1),('dovetails',4),('downsizing',2),('dr',2),('dr.',9),('drag',22),('dragon',7),('drama',94),('draw',12),('drawer',8),('drawing',13),('dream',22),('dreamt',8),('dreamworks',20),('dressing',5),('drive',14),('driver',36),('drivers',2),('driving',6),('drone',8),('drones',12),('drummer',4),('drums',4),('duck',6),('dum',8),('dum\'s',4),('dumb',12),('dumped',15),('dunkelman',7),('dunkirk',22),('dustin',4),('duvernay',9),('dwayne',3),('dylan',5),('e682',6),('eagle',6),('eagles',9),('early',2),('earth-x',12),('eastwood',7),('eating',10),('eberle',7),('eccentric',11),('economic',7),('economy',7),('ed',10),('eddie',1),('edgar',16),('editing',9),('edition',7),('edna',10),('eeyore',15),('effect',8),('effects',11),('efron',40),('eh',14),('eight',9),('eighth',24),('elastigirl',10),('elba',7),('electric',10),('elephant',11),('elephants',4),('elle',24),('ellemills',5),('elleofthemills',5),('ellis',6),('embarrassing',29),('emile',2),('emily',9),('emoji',42),('emotion',12),('empire',12),('empty',10),('enchanted',2),('ending',10),('endor',7),('england',9),('entertainment',95),('epic',17),('episode',94),('episodes',9),('erin',3),('ernest',8),('espionage',15),('essay',4),('et',5),('eve',6),('events',7),('every',40),('everyday',5),('everything',103),('evil',54),('ewan',15),('ewok',21),('ewoks',7),('eww',97),('ex',30),('exotic',8),('experience',7),('explain',17),('explained',3),('extend',11),('extended',5),('extra',5),('extreme',13),('ezra',7),('face',36),('faces',2),('factory',51),('fail',18),('fails',31),('fairlane',4),('fairly',22),('fall',3),('fallen',34),('falls',23),('family',116),('fan',12),('fandango',27),('fanfiction',3),('fanfilm',6),('fang',7),('fanning',16),('fans',25),('fantasmagorie',2),('fantastic',10),('fantasy',18),('farrah',6),('fate',7),('father',26),('fathers',13),('feat',5),('feels',23),('feig',4),('female',7),('feminism',8),('ferb',72),('ferdinand',11),('festival',13),('festive',1),('fi',10),('fiction',9),('fight',36),('fighter',5),('fighting',12),('fights',14),('figures',33),('film',730),('filmmaker',7),('filmmaking',61),('films',208),('final',26),('finale',7),('finding',9),('finn',8),('fire',54),('firefighters',5),('fireman',24),('first',78),('fisher',15),('fishing',5),('fitness',22),('flash',13),('flatliners',5),('flea',5),('fleischer',6),('flip',1),('flood',7),('flooding',7),('flop',17),('flurb',6),('fondant',8),('font',3),('food',50),('football',18),('for',51),('force',40),('forced',2),('ford',4),('forever',11),('form',16),('forster',15),('fortnite',39),('fowler',6),('fox',101),('foy',3),('frame',5),('franchise',6),('franco',4),('frank',7),('frankenstein',2),('freaks',15),('freddie',56),('frederator',8),('free',10),('friday',14),('fried',16),('friendly',18),('friendsgiving',32),('friendship',30),('from',15),('frozen',18),('frozone',11),('fruit',22),('full',60),('fun',19),('fundraiser',14),('funds',7),('funny',109),('future',21),('futuristic',17),('gadget',7),('gadgets',14),('gadot',13),('gal',13),('galaxy',235),('galexy',4),('gallery',5),('galloway',4),('gambino',3),('gambling',19),('game',66),('gameplay',9),('games',126),('garden',7),('gas',3),('gatsby',12),('gay',45),('geeks',15),('gene',17),('gertie',2),('get',79),('getaway',1),('getting',11),('gh4',5),('ghost',4),('ghosts',1),('giant',20),('gillan',3),('ginger',9),('ginsburg',22),('girl',14),('girlfriend',25),('girls',47),('globes',14),('glover',3),('go',21),('go!',2),('goals',2),('god',19),('goes',5),('going',10),('golaem',8),('goldblum',4),('golden',82),('gomez',56),('gone',8),('goodbye',29),('gooseys',7),('gopro',5),('gore',3),('got',14),('government',10),('gown',5),('grade',48),('grand',14),('grandma',14),('grandmas',7),('grandmaster',4),('grandmother',7),('grandpa',14),('graphics',8),('gravity',9),('gravy',24),('gray',5),('great',20),('greatest',63),('green',50),('growing',18),('growth',9),('gruesome',10),('gtlive',6),('guadagnino',4),('guide',8),('guides',4),('guillermo',4),('guldies',5),('gun',4),('guncontrol',5),('gurren',8),('gus',7),('hair',9),('half',5),('half-blind',4),('hamill',48),('hammer',4),('hampshire',1),('han',7),('hand',13),('hands',1),('hangry',12),('happy',3),('hardy',17),('harley',1),('harrypotter',6),('hart',25),('hartman',16),('haunted',1),('haven',7),('haven\'s',7),('hawkins',4),('hbo',37),('hd',21),('he',19),('headline',16),('headlines',16),('health',11),('healthy',11),('heart',19),('heartbreak',11),('heartwarming',11),('help',34),('hemingway',8),('hemsworth',14),('henry',7),('here',8),('hereditary',7),('hero',2),('heroes',22),('hidden',4),('hiddleston',17),('high',127),('highlight',4),('highschoo',6),('hilarious',23),('hill',2),('history',59),('hitchcock',3),('hoffman',4),('holiday',20),('holidays',4),('hollywood',26),('homecoming',16),('homeless',7),('homemade',6),('honest',523),('honey',14),('hood',44),('hook',11),('hope',6),('horde',8),('horrifying',4),('horror',87),('horseplay',3),('horses',11),('host',7),('hosts',9),('hotel',11),('hour',11),('house',65),('house...',13),('houses',13),('how',191),('howard',6),('howtocookthat',29),('hsm',27),('hual',4),('hugh',22),('hugs',5),('hulk',18),('hull',22),('humanity',3),('humor',42),('humorous',2),('hunger',12),('hunt',4),('hunter',11),('hunting',12),('hustled',13),('i',52),('i\'m',5),('iMac',4),('iMovie',4),('iOS',3),('iPhone',6),('ian',11),('ice',10),('icecream',30),('idea',1),('ideas',19),('idris',7),('if',3),('ifc',12),('ii',10),('ijustine',7),('illymation',6),('im',14),('immigration',13),('impressionist',12),('impressions',3),('in',216),('inception',15),('incredible',46),('incredibles',78),('independent',46),('indian',2),('indie',3),('infected',3),('infidelity',12),('infinity',91),('infinty',14),('ingrid',5),('inner',1),('insane',13),('inside',24),('insider',26),('inspirational',11),('install',4),('instant',46),('intelligence',14),('interactive',4),('interesting',21),('international',15),('internet',15),('interview',24),('interviews',27),('into',15),('intolerance',11),('iphone',120),('irish',29),('ironied',7),('is',22),('island',5),('isle',10),('isolation',1),('it',138),('it\'s',17),('its',181),('itsalexclark',451),('itsy',8),('j',2),('jack',81),('jackman',22),('jacksepticeye',13),('jackson',11),('jaiden',51),('jaidenanimation',79),('jaidenanimations',87),('james',15),('jamie',2),('janitor',7),('jared',1),('jason',11),('jay',3),('jedi',199),('jeff',4),('jeremy',17),('jerry',20),('jim',14),('jkrowling',6),('jlaw',5),('job',10),('joerg',3),('john',72),('johnson',3),('joiner',4),('joins',16),('joker',2),('jokes',13),('jon',18),('jonas',3),('jonathan',3),('jones',14),('jordan',56),('jovovich',4),('jr',4),('judd',4),('jujuaquad',7),('julia',7),('julie',11),('jumanji',180),('jumanji:',11),('jungle',42),('junkies',181),('juno',3),('jurassic',81),('justice',120),('kaling',9),('kanga',15),('kara',7),('karen',3),('kart',19),('katze',18),('kawaii',8),('keaton',10),('kelleher',7),('kendrick',24),('kevin',25),('key',7),('keyframing',2),('kickthepj',1),('kid',32),('kidman',10),('kids',9),('kikuchi',7),('killing',15),('killmonger',14),('kilmer',7),('king',28),('king\'s',7),('kingdom',44),('kingston',3),('kirito',5),('kitchen',8),('kitten',18),('kittens',18),('kitty',18),('klausz',4),('knick',3),('knight',30),('knights',6),('kong',3),('korea',8),('korean',24),('kramer',4),('krasinski',9),('kylo',35),('l.',11),('la',60),('lady',27),('ladybird',5),('lagann',8),('lake',28),('lamadelynn',7),('lamar',24),('lamp',1),('land',43),('language',12),('laporte',6),('lapse',9),('last',192),('laugh',13),('laws',13),('lb',3),('league',95),('leaving',10),('lee',7),('left',10),('legacy',3),('legend',32),('legendary',26),('lego',77),('legos',8),('legozombie',8),('legozombies',8),('lesbian',11),('let',33),('leto',1),('level',15),('lever',10),('levithan',3),('lewin',6),('lg',7),('lgbt',11),('lgbtq',14),('lies',3),('life',126),('life?!?',4),('lifecasting',4),('lifestyle',11),('light',18),('lighter',1),('lightsaber',6),('like',35),('limited',4),('limits',17),('lincolnshire',5),('lindsay',7),('line',29),('ling',7),('link',15),('lion',11),('lionel',6),('lionsgate',41),('lip',9),('lisa',7),('list',29),('lite',5),('little',12),('liu',4),('liv',5),('live',23),('liverpool',5),('llewyn',12),('loaded',4),('loadingreadyrun',13),('logan',25),('loki',14),('lol',7),('look',88),('looks',11),('loompa',34),('lord',2),('los',19),('loss',18),('lost',19),('love',64),('lovers',18),('luca',4),('lucas',13),('lucasfilm',7),('lucky',21),('lucy',4),('luke',28),('lyrics',9),('m\'baku',7),('mac',16),('machine',11),('mackenyu',7),('madelynn',14),('madeon',3),('madison',7),('mag',7),('magic',20),('magnolia',17),('maiden',7),('make',62),('maker',11),('makeup',9),('malcom',7),('mall',14),('mamoa',7),('man',61),('manga',12),('manhattan',4),('mansion',13),('many',7),('marc',15),('margot',1),('mario',19),('mark',59),('market',12),('marques',4),('martin',4),('marvel',267),('marvel\'s',1),('marvels',7),('mashup',11),('mask',3),('mass',8),('master',6),('matpat',234),('matti',5),('max',2),('maya',8),('mayim',30),('maze',37),('mccay',2),('mcgregor',15),('mckinnon',21),('mcu',60),('me',61),('media',22),('meg',9),('mega',6),('mega64',13),('megan',5),('meme',28),('memes',28),('men',6),('menu',4),('mercury',56),('mercy',12),('merry',11),('meryl',7),('metal',19),('mgm',3),('michael',17),('middle',13),('mike',3),('militant',3),('mill',11),('milla',4),('miller',7),('mills',9),('milwaukee',4),('minds',42),('mindy',9),('mini',37),('miniature',16),('minneapolis',28),('miss',12),('mission',15),('mistakes',97),('misunderstood',11),('mitch',2),('mitchell',10),('mixed-race',8),('mk',5),('mkbhd',7),('moana',6),('mode',10),('mohammad',19),('molestation',3),('molten',40),('moment',35),('money',45),('monster',4),('monty',7),('moon',10),('moonrise',10),('more',35);

/*Table structure for table `us_video_sum` */

DROP TABLE IF EXISTS `us_video_sum`;

CREATE TABLE `us_video_sum` (
  `category_id` bigint(20) DEFAULT NULL,
  `likes_sum` bigint(20) DEFAULT NULL,
  `dislikes_sum` bigint(11) DEFAULT NULL,
  `views_sum` bigint(11) DEFAULT NULL,
  `comment_count_sum` bigint(20) DEFAULT NULL
) ENGINE=InnoDB DEFAULT CHARSET=utf8;

/*Data for the table `us_video_sum` */

insert  into `us_video_sum`(`category_id`,`likes_sum`,`dislikes_sum`,`views_sum`,`comment_count_sum`) values (17,97621457,5044849,4364570225,11074857),(20,68384579,9133891,2116000767,14526504),(22,185836295,10140880,601116214,24693166),(23,216224266,7222856,819184246,22535221),(24,525883242,42760898,1072631621,73031139),(25,17438154,4103552,1337155232,5953735),(26,159885491,5391094,299749032,22692320),(27,48905115,1341704,1170716327,5404071),(1,165751299,6065519,7272818371,17856774),(2,220690717,4245656,6572818371,123526),(15,19347190,523868,763122489,2657393);

/*Table structure for table `video_category` */

DROP TABLE IF EXISTS `video_category`;

CREATE TABLE `video_category` (
  `category_id` int(11) NOT NULL DEFAULT '0',
  `title` varchar(22) DEFAULT NULL,
  PRIMARY KEY (`category_id`)
) ENGINE=InnoDB DEFAULT CHARSET=utf8;

/*Data for the table `video_category` */

insert  into `video_category`(`category_id`,`title`) values (1,'Film & Animation'),(2,'Autos & Vehicles'),(10,'Music'),(15,'Pets & Animals'),(17,'Sports'),(18,'Short Movies'),(19,'Travel & Events'),(20,'Gaming'),(21,'Videoblogging'),(22,'People & Blogs'),(23,'Comedy'),(24,'Entertainment'),(25,'News & Politics'),(26,'Howto & Style'),(27,'Education'),(28,'Science & Technology'),(30,'Movies'),(31,'Anime/Animation'),(32,'Action/Adventure'),(33,'Classics'),(34,'Comedy'),(35,'Documentary'),(36,'Drama'),(37,'Family'),(38,'Foreign'),(39,'Horror'),(40,'Sci-Fi/Fantasy'),(41,'Thriller'),(42,'Shorts'),(43,'Shows'),(44,'Trailers');

/*Table structure for table `video_cnt_amount` */

DROP TABLE IF EXISTS `video_cnt_amount`;

CREATE TABLE `video_cnt_amount` (
  `cnt` int(11) DEFAULT NULL,
  `cnt_amount` int(11) DEFAULT NULL
) ENGINE=InnoDB DEFAULT CHARSET=utf8;

/*Data for the table `video_cnt_amount` */

insert  into `video_cnt_amount`(`cnt`,`cnt_amount`) values (23,12),(27,10),(24,9),(28,7),(29,7),(26,3),(30,1),(1,704),(7,690),(5,685),(3,580),(4,547),(2,521),(8,352),(9,257),(13,183),(11,169),(12,166),(10,160),(14,137),(15,91),(16,51),(17,43),(18,37),(19,25),(20,22),(21,19),(22,18),(25,17);

/*!40101 SET SQL_MODE=@OLD_SQL_MODE */;
/*!40014 SET FOREIGN_KEY_CHECKS=@OLD_FOREIGN_KEY_CHECKS */;
/*!40014 SET UNIQUE_CHECKS=@OLD_UNIQUE_CHECKS */;
/*!40111 SET SQL_NOTES=@OLD_SQL_NOTES */;
